;Authors;Title;Published;link
0;Ronit Endevelt, Josefa Kachall, Pierre singer, Ronit Doyev, Itamar Grotto;Optimal Nutrition Care for all, from Policy to Action – A National Nutrition Program in Israel;Hawaii International Conference on System Sciences 2017 (HICSS-50);http://aisel.aisnet.org/hicss-50/os/integrating_business_it_consumer/6
1;Nađa Terzimehić, Nadja Leipold, Hanna Schaefer, Mira Madenach, Markus Böhm, et al.;Can an Automated Personalized Nutrition Assistance System Successfully Change Nutrition Behavior? - Study Design;ICIS 2016 Proceedings;http://aisel.aisnet.org/icis2016/ISHealthcare/Presentations/17
2;Michelle Berger, Chiara Müller, Niclas Nüske;Digital Nudging in Online Grocery Stores – Towards Ecologically Sustainable Nutrition;ICIS 2020 Proceedings;http://aisel.aisnet.org/icis2020/societal_impact/societal_impact/11
3;Martin Lurz, Denitsa Angelova, Markus Böhm, Helmut Krcmar;Simpler, Better, Faster? Evaluation of an Index-Based Nutrition App;PACIS 2022 Proceedings;http://aisel.aisnet.org/pacis2022/17
4;Klaus Fuchs, Valerius Huonder, Denis Vuckovac, Alexander Ilic;SWISS FOODQUIZ: INDUCING NUTRITIONAL KNOWLEDGE VIA A VISUAL LEARNING BASED SERIOUS GAME;Prototypes;http://aisel.aisnet.org/ecis2016_prototypes/1
5;Michelle Berger, Carolin Jung;Gamification in Nutrition Apps – Users’ Gamification Element Preferences: A Best-Worst-Scaling Approach;Hawaii International Conference on System Sciences 2021 (HICSS-54);http://aisel.aisnet.org/hicss-54/da/gamification/5
6;Nadja Leipold, Martin Lurz, Monika Wintergerst, Georg Groh;GOAL-SETTING CHARACTERISTICS OF NUTRITION-RELATED MHEALTH SYSTEMS: A MORPHOLOGICAL ANALYSIS;ECIS 2022 Research Papers;http://aisel.aisnet.org/ecis2022_rp/100
0;Nina Reščič, Eva Valenčič, Enej Mlinarič, Barbara Koroušić Seljak, Mitja Luštrek;Mobile nutrition monitoring for well-being;UbiComp/ISWC '19 Adjunct: Adjunct Proceedings of the 2019 ACM International Joint Conference on Pervasive and Ubiquitous Computing and Proceedings of the 2019 ACM International Symposium on Wearable Computers;https://dl.acm.org/doi/10.1145/3341162.3347076
1;Farahnaz Yekeh, Judy Kay, Bob Kummerfeld, Lie Ming Tang, Margaret A. Allman-Farinelli;Can SAL Support Self Reflection for Health and Nutrition?;OzCHI '15: Proceedings of the Annual Meeting of the Australian Special Interest Group for Computer Human Interaction;https://dl.acm.org/doi/10.1145/2838739.2838752
2;Srikanth Sundaresan, Nick Feamster, Renata Teixeira, Anthony Tang, W. Keith Edwards, Rebecca E. Grinter, Marshini Chetty, Walter de Donato;Helping users shop for ISPs with internet nutrition labels;HomeNets '11: Proceedings of the 2nd ACM SIGCOMM workshop on Home networks;https://dl.acm.org/doi/10.1145/2018567.2018571
3;Gerald N. Pitts, Martha W. Davis, Barry Bateman;A computerized health and nutrition assessment for school children;ACM-SE 16: Proceedings of the 16th annual Southeast regional conference;https://dl.acm.org/doi/10.1145/503643.503687
4;Jose M. Font, Alexander Hedvall, Emil Svensson;Towards Teaching Maternal Healthcare and Nutrition in Rural Ethiopia through a Serious Game;CHI PLAY '17 Extended Abstracts: Extended Abstracts Publication of the Annual Symposium on Computer-Human Interaction in Play;https://dl.acm.org/doi/10.1145/3130859.3131291
5;Nuno M. Garcia, María Vanessa Villasana, Ivan Miguel Pires, Juliana Sá, Eftim Zdravevski, Ivan Chorbev, Petre Lameski;Teenagers from Centre of Portugal: Nutrition and Physical Activity Data;CSAI 2020: 2020 4th International Conference on Computer Science and Artificial Intelligence;https://dl.acm.org/doi/10.1145/3445815.3445817
6;Marissa Burgermaster, Krzysztof Z. Gajos, Patricia Davidson, Lena Mamykina;The Role of Explanations in Casual Observational Learning about Nutrition;CHI '17: Proceedings of the 2017 CHI Conference on Human Factors in Computing Systems;https://dl.acm.org/doi/10.1145/3025453.3025874
7;Yelena Mejova;Session details: Big Data and Social Media Studies on Nutrition;DH '16: Proceedings of the 6th International Conference on Digital Health Conference;https://dl.acm.org/doi/10.1145/3257763
8;Tianshi Li, Kayla Reiman, Yuvraj Agarwal, Lorrie Faith Cranor, Jason I. Hong;Understanding Challenges for Developers to Create Accurate Privacy Nutrition Labels;CHI '22: Proceedings of the 2022 CHI Conference on Human Factors in Computing Systems;https://dl.acm.org/doi/10.1145/3491102.3502012
9;Qiushi Fan, Tong Cai;Medical Nutrition Therapy for Adult Patients receiving Extracorporeal Membrane Oxygenation;ICMHI '21: Proceedings of the 5th International Conference on Medical and Health Informatics;https://dl.acm.org/doi/10.1145/3472813.3472829
10;Changhun Lee, Soohyeok Kim, Chiehyeon Lim, Jayun Kim, Yeji Kim, Minyoung Jung;Diet Planning with Machine Learning: Teacher-forced REINFORCE for Composition Compliance with Nutrition Enhancement;KDD '21: Proceedings of the 27th ACM SIGKDD Conference on Knowledge Discovery & Data Mining;https://dl.acm.org/doi/10.1145/3447548.3467201
11;Lena Mamykina, Andrew D. Miller, Catherine Grevet, Yevgeniy Medynskiy, Michael A. Terry, Elizabeth D. Mynatt, Patricia R. Davidson;Examining the impact of collaborative tagging on sensemaking in nutrition management;CHI '11: Proceedings of the SIGCHI Conference on Human Factors in Computing Systems;https://dl.acm.org/doi/10.1145/1978942.1979037
12;Andreas Seiderer, Elisabeth André;Development of a Multi-Device Nutrition Logging Prototype Including a Smartscale;DH '17: Proceedings of the 2017 International Conference on Digital Health;https://dl.acm.org/doi/10.1145/3079452.3079486
13;Tian Cai, Hastings Chiwasa, Charles Steinfield, Susan Wyche;Participatory video for nutrition training for farmers in Malawi: an analysis of knowledge gain and adoption;ICTD '15: Proceedings of the Seventh International Conference on Information and Communication Technologies and Development;https://dl.acm.org/doi/10.1145/2737856.2737878
14;B. Makeev, A. Zoueva;Some APL defined functions for fast analysis of innovations in food science and human nutrition;ACM SIGAPL APL Quote Quad;https://dl.acm.org/doi/10.1145/333601.333603
15;Todor Ivaşcu, Adriana Diniş, Kristijan Cincar;A Disease-driven Nutrition Recommender System based on a Multi-agent Architecture;WIMS '18: Proceedings of the 8th International Conference on Web Intelligence, Mining and Semantics;https://dl.acm.org/doi/10.1145/3227609.3227685
16;Kriti Khurana, Ramesh Bhat, Rikin Gandhi, Peggy Koniz-Booher;Cost analysis of nutrition messaging intervention through community-led videos in Odisha;ICTD '15: Proceedings of the Seventh International Conference on Information and Communication Technologies and Development;https://dl.acm.org/doi/10.1145/2737856.2737895
17;Munmun De Choudhury, Sanket Sharma, Emre Kiciman;Characterizing Dietary Choices, Nutrition, and Language in Food Deserts via Social Media;CSCW '16: Proceedings of the 19th ACM Conference on Computer-Supported Cooperative Work & Social Computing;https://dl.acm.org/doi/10.1145/2818048.2819956
18;Ma. Eliza S. Torres, Yogi Tri Prasetyo, Rex Aurelius C. Robielos, Carl Vincent Y. Domingo, Ma. Caselyn Morada;The Effect of Nutrition Labelling on Purchasing Decisions: A Case Study of Lucky Me! Instant Noodles in Barangay 454 and 455 Manila, Philippines;ICIBE 2019: Proceedings of the 2019 5th International Conference on Industrial and Business Engineering;https://dl.acm.org/doi/10.1145/3364335.3364374
19;Jingyuan Cheng, Bo Zhou, Kai Kunze, Carl Christian Rheinländer, Sebastian Wille, Norbert Wehn, Jens Weppner, Paul Lukowicz;Activity recognition and nutrition monitoring in every day situations with a textile capacitive neckband;UbiComp '13 Adjunct: Proceedings of the 2013 ACM conference on Pervasive and ubiquitous computing adjunct publication;https://dl.acm.org/doi/10.1145/2494091.2494143
20;Sigit Adinugroho, Putra Pandu Adikara, Edy Santoso, Restu Amara, Kresentia Septiana, Kenza Dwi Anggita;Indonesian food identification and detection in the smart nutrition box using faster-RCNN;SIET '20: Proceedings of the 5th International Conference on Sustainable Information Engineering and Technology;https://dl.acm.org/doi/10.1145/3427423.3427429
21;Ashish Amresh, Madhumita Sinha, Rebecca Birr, Rahul Salla;Interactive Cause and Effect Comic-book Storytelling for Improving Nutrition Outcomes in Children;DH '15: Proceedings of the 5th International Conference on Digital Health 2015;https://dl.acm.org/doi/10.1145/2750511.2750533
22;Yucheng Li, Deyuan Chen, Tianshi Li, Yuvraj Agarwal, Lorrie Faith Cranor, Jason I. Hong;Understanding iOS Privacy Nutrition Labels: An Exploratory Large-Scale Analysis of App Store Data;CHI EA '22: Extended Abstracts of the 2022 CHI Conference on Human Factors in Computing Systems;https://dl.acm.org/doi/10.1145/3491101.3519739
23;Elliot G. Mitchell, Elizabeth M. Heitkemper, Marissa Burgermaster, Matthew E. Levine, Yishen Miao, Maria L. Hwang, Pooja M. Desai, Andrea Cassells, Jonathan N. Tobin;From Reflection to Action: Combining Machine Learning with Expert Knowledge for Nutrition Goal Recommendations;CHI '21: Proceedings of the 2021 CHI Conference on Human Factors in Computing Systems;https://dl.acm.org/doi/10.1145/3411764.3445555
24;Ayoub El Majjodi, Alain D. Starke, Christoph Trattner;Nudging Towards Health? Examining the Merits of Nutrition Labels and Personalization in a Recipe Recommender System;UMAP '22: Proceedings of the 30th ACM Conference on User Modeling, Adaptation and Personalization;https://dl.acm.org/doi/10.1145/3503252.3531312
25;Aakash Ganju, Aditi Hazra-Ganju, Srini Satyan, Sonia Menezes;Digital Interventions to Improve Health and Nutrition Outcomes for Children from Low-Income Communities;COMPASS '20: Proceedings of the 3rd ACM SIGCAS Conference on Computing and Sustainable Societies;https://dl.acm.org/doi/10.1145/3378393.3402239
26;Ahmed Al-Nazer, Tarek Helmy;Toward a Cross-Cultural and Cross-Language Multi-agent Recommendation Model for Food and Nutrition;WI-IAT '12: Proceedings of the The 2012 IEEE/WIC/ACM International Joint Conferences on Web Intelligence and Intelligent Agent Technology - Volume 03;https://dl.acm.org/doi/10.1109/WI-IAT.2012.263
27;Dipanjan Chakraborty, Akshay Gupta, Aaditeshwar Seth;Experiences from a mobile-based behaviour change campaign on maternal and child nutrition in rural India;ICTD '19: Proceedings of the Tenth International Conference on Information and Communication Technologies and Development;https://dl.acm.org/doi/10.1145/3287098.3287110
28;Jisu Jung, Lyndal Wellard-Cole, Colin Cai, Irena Koprinska, Kalina Yacef, Margaret Allman-Farinelli, Judy Kay;Foundations for Systematic Evaluation and Benchmarking of a Mobile Food Logger in a Large-scale Nutrition Study;Proceedings of the ACM on Interactive, Mobile, Wearable and Ubiquitous Technologies;https://dl.acm.org/doi/10.1145/3397327
29;Francisca Pimenta, Laís Lopes, Frederica Gonçalves, Pedro Campos;Designing Positive Behavior Change Experiences: a Systematic Review and Sentiment Analysis based on Online User Reviews of Fitness and Nutrition Mobile Applications;MUM '20: 19th International Conference on Mobile and Ubiquitous Multimedia;https://dl.acm.org/doi/10.1145/3428361.3428403
30;Zheng Meng Long, Yuri A. Tijerino;A Cross-language Approach for Semantic Recipe Annotation and Nutrition Annotation Augmentation Based on Extraction Ontologies and Culture-Relevant Policy Reasoning;WI-IAT '12: Proceedings of the The 2012 IEEE/WIC/ACM International Joint Conferences on Web Intelligence and Intelligent Agent Technology - Volume 03;https://dl.acm.org/doi/10.1109/WI-IAT.2012.264
31;Victor Hanson-Smith, Daya Wimalasuriya, Andrew Fortier;NutriStat: tracking young child nutrition;CHI EA '06: CHI '06 Extended Abstracts on Human Factors in Computing Systems;https://dl.acm.org/doi/10.1145/1125451.1125798
32;Yoko Yamakata, Akihisa Ishino, Akiko Sunto, Sosuke Amano, Kiyoharu Aizawa;Recipe-oriented Food Logging for Nutritional Management;MM '22: Proceedings of the 30th ACM International Conference on Multimedia;https://dl.acm.org/doi/10.1145/3503161.3549203
33;Kyoko Sudo, Kazuhiko Murasaki, Jun Shimamura, Yukinobu Taniguchi;Estimating nutritional value from food images based on semantic segmentation;UbiComp '14 Adjunct: Proceedings of the 2014 ACM International Joint Conference on Pervasive and Ubiquitous Computing: Adjunct Publication;https://dl.acm.org/doi/10.1145/2638728.2641336
34;Jin Wang, Hua Fang, Honggang Wang, Gin-Fei Olendzki, Chonggang Wang, Yunsheng Ma;Pattern recognition of big nutritional data in RCT;BodyNets '13: Proceedings of the 8th International Conference on Body Area Networks;https://dl.acm.org/doi/10.4108/icst.bodynets.2013.253690
35;Jiahui Hu, Zhisheng Huang, Wei Chen, Pei Lou, Wanqing Zhao, Kuanda Yao, An Fang;Relationships Discovery between Nutritional Disorders and Gut Microbiota with Knowledge Graphs;ISAIMS 2021: Proceedings of the 2nd International Symposium on Artificial Intelligence for Medicine Sciences;https://dl.acm.org/doi/10.1145/3500931.3500954
36;Ke Yang, Julia Stoyanovich, Abolfazl Asudeh, Bill Howe, HV Jagadish, Gerome Miklau;A Nutritional Label for Rankings;SIGMOD '18: Proceedings of the 2018 International Conference on Management of Data;https://dl.acm.org/doi/10.1145/3183713.3193568
37;Lino Galiana, Milena Suarez Castillo;Fuzzy matching on big-data: an illustration with scanner and crowd-sourced nutritional datasets;GoodIT '22: Proceedings of the 2022 ACM Conference on Information Technology for Social Good;https://dl.acm.org/doi/10.1145/3524458.3547244
38;Sarah Faltaous, Simon Janzon, Roman Heger, Marvin Strauss, Pedram Golkar, Matteo Viefhaus, Marvin Prochazka, Uwe Gruenefeld, Stefan Schneegass;Wisdom of the IoT Crowd: Envisioning a Smart Home-based Nutritional Intake Monitoring System;MuC '21: Proceedings of Mensch und Computer 2021;https://dl.acm.org/doi/10.1145/3473856.3474009
39;Cédric Lespagnol, Josiane Mothe, Md Zia Ullah;Information Nutritional Label and Word Embedding to Estimate Information Check-Worthiness;SIGIR'19: Proceedings of the 42nd International ACM SIGIR Conference on Research and Development in Information Retrieval;https://dl.acm.org/doi/10.1145/3331184.3331298
40;Nikmah Saro, Veni Hadju, Atjo Wahyu;Correlation Between Nutritional Behavior and Lipid Profile and Fasting Blood Sugar of State secondary school Teachers Having Central Obesity in Makassar City;ICHSM '18: Proceedings of the International Conference on Healthcare Service Management 2018;https://dl.acm.org/doi/10.1145/3242789.3242813
41;Renni Meliahsari, Nurpudji A. Taslim, Citrakesumasari;Association of Nutritional Status with Anemia on Malaria Patient with Dihydroartemisinin Pippperaquine Treatment in Southwest Sumba 2015;ICHSM '18: Proceedings of the International Conference on Healthcare Service Management 2018;https://dl.acm.org/doi/10.1145/3242789.3242822
42;Adolfo Jungbluth, Jon Li Yeng, Luis Vives;Quality data extraction methodology based on the labeling of coffee leaves with nutritional deficiencies;ICISDM '18: Proceedings of the 2nd International Conference on Information System and Data Mining;https://dl.acm.org/doi/10.1145/3206098.3206102
43;Vaishali P. Suryawanshi, Rashmi S. Phalnikar, Subhal Dixit, Sweety Agarwal;Extending Nutritional Risk Screening in Critically Ill Patients using IoT devices;ICCET '18: Proceedings of the 2018 International Conference on Communication Engineering and Technology;https://dl.acm.org/doi/10.1145/3194244.3194259
44;Jonathan Lazar, Caitlin Woglom, Jeanhee Chung, Alison Schwartz, Yichuan Grace Hsieh, Richard Moore, Drew Crowley, Brian Skotko;Co-design process of a smart phone app to help people with down syndrome manage their nutritional habits;Journal of Usability Studies;https://dl.acm.org/doi/10.5555/3294038.3294041
45;Sanket S. Sharma, Munmun De Choudhury;Measuring and Characterizing Nutritional Information of Food and Ingestion Content in Instagram;WWW '15 Companion: Proceedings of the 24th International Conference on World Wide Web;https://dl.acm.org/doi/10.1145/2740908.2742754
46;Davide Calvaresi, Stefan Eggenschwiler, Jean-Paul Calbimonte, Gaetano Manzo, Michael Schumacher;A personalized agent-based chatbot for nutritional coaching;WI-IAT '21: IEEE/WIC/ACM International Conference on Web Intelligence and Intelligent Agent Technology;https://dl.acm.org/doi/10.1145/3486622.3493992
47;Yuita Arum Sari, Vriza Wahyu Saputra, Andini Agustina, Yudi Arimba Wani, Yusuf Gladiensyah Bihanda;Comparison of image thresholding and clustering segmentation methods for understanding nutritional content of food images;SIET '20: Proceedings of the 5th International Conference on Sustainable Information Engineering and Technology;https://dl.acm.org/doi/10.1145/3427423.3427441
48;Nurul Ulfiana Sahlan, Burhanuddin Bahar, Ansariadi;The Effect of Purple Sweet Potates and Sting Ray Treatments on The Nutritional Status of the Babies Aged 6-11 Months in Pattallassang Health Center, Takalar Regency In 2015;ICHSM '18: Proceedings of the International Conference on Healthcare Service Management 2018;https://dl.acm.org/doi/10.1145/3242789.3242798
49;Christoph Trattner, Markus Rokicki, Eelco Herder;On the Relations Between Cooking Interests, Hobbies and Nutritional Values of Online Recipes: Implications for Health-Aware Recipe Recommender Systems;UMAP '17: Adjunct Publication of the 25th Conference on User Modeling, Adaptation and Personalization;https://dl.acm.org/doi/10.1145/3099023.3099072
50;Jennifer Mankoff, Gary Hsieh, Ho Chak Hung, Sharon Lee, Elizabeth Nitao;Using Low-Cost Sensing to Support Nutritional Awareness;UbiComp '02: Proceedings of the 4th international conference on Ubiquitous Computing;https://dl.acm.org/doi/10.5555/647988.761044
51;Marron Ace Amarante, Allen Ang, Ramon Garcia, Eugene Marc R. Martin, Flordeliza Valiente, Leonardo Valiente Jr, Scot Vigila;Determination of Ripening Stages and Nutritional Content of Tomatoes Using Color Space Conversion Algorithm, Processed Through Raspberry Pi;ICBET 2020: Proceedings of the 2020 10th International Conference on Biomedical Engineering and Technology;https://dl.acm.org/doi/10.1145/3397391.3397428
52;Norbert Fuhr, Anastasia Giachanou, Gregory Grefenstette, Iryna Gurevych, Andreas Hanselowski, Kalervo Jarvelin, Rosie Jones, YiquN Liu, Josiane Mothe;An Information Nutritional Label for Online Documents;ACM SIGIR Forum;https://dl.acm.org/doi/10.1145/3190580.3190588
53;Wolfgang H. Reitberger, Wolfgang Spreicer, Geraldine Fitzpatrick;Nutriflect: reflecting collective shopping behavior and nutrition;CHI '14: Proceedings of the SIGCHI Conference on Human Factors in Computing Systems;https://dl.acm.org/doi/10.1145/2556288.2557384
54;Andrea Grimes, Martin Bednar, Jay David Bolter, Rebecca E. Grinter;EatWell: sharing nutrition-related memories in a low-income community;CSCW '08: Proceedings of the 2008 ACM conference on Computer supported cooperative work;https://dl.acm.org/doi/10.1145/1460563.1460579
55;Yin-Leng Theng, Lynette Ying Qin Goh, May Thet Tin, Rajkumar Sopra, Senthil Kumar Praveen Kumar;Trust cues fostering initial consumers' trust: usability inspection of nutrition and healthcare websites;IHI '12: Proceedings of the 2nd ACM SIGHIT International Health Informatics Symposium;https://dl.acm.org/doi/10.1145/2110363.2110462
56;Jesse Beach, Christian Briggs, Sam Shahrani, Craig Elliott;Health view: a simple and subtle approach to monitoring nutrition;CHI EA '06: CHI '06 Extended Abstracts on Human Factors in Computing Systems;https://dl.acm.org/doi/10.1145/1125451.1125793
57;Tad Hirsch, Catherine Lim, Jennifer J. Otten;What's for Lunch?: A Socio-ecological Approach to Childcare Nutrition;DIS '16: Proceedings of the 2016 ACM Conference on Designing Interactive Systems;https://dl.acm.org/doi/10.1145/2901790.2901793
58;Patrick Gage Kelley, Lucian Cesca, Joanna Bresee, Lorrie Faith Cranor;Standardizing privacy notices: an online study of the nutrition label approach;CHI '10: Proceedings of the SIGCHI Conference on Human Factors in Computing Systems;https://dl.acm.org/doi/10.1145/1753326.1753561
59;Yuri A. Tijerino, Tarek Helmy El-Bassuny, Jeffrey M. Bradshaw;FAQIH: Framework for Agent-Based Query-Enabled Integrated Information for Health and Nutrition;WI-IAT '08: Proceedings of the 2008 IEEE/WIC/ACM International Conference on Web Intelligence and Intelligent Agent Technology - Volume 03;https://dl.acm.org/doi/10.1109/WIIAT.2008.405
60;Adrienne H. Andrew, Gaetano Borriello, James Fogarty;Simplifying mobile phone food diaries: design and evaluation of a food index-based nutrition diary;PervasiveHealth '13: Proceedings of the 7th International Conference on Pervasive Computing Technologies for Healthcare;https://dl.acm.org/doi/10.4108/icst.pervasivehealth.2013.252101
61;Yiu-Kai Ng, Meilan Jin;Personalized Recipe Recommendations for Toddlers Based on Nutrient Intake and Food Preferences;MEDES '17: Proceedings of the 9th International Conference on Management of Digital EcoSystems;https://dl.acm.org/doi/10.1145/3167020.3167057
62;Ruxin Li, Yu Yang, Xianlei Xu, Renhan Li, Yuchen Yang, Zhizhou Zhang, Changlu Guo;Construction of Asthma Local Gene Network for Revealing its Relationship with Nutrient Metabolism Modules;BIBE2020: Proceedings of the Fourth International Conference on Biological Information and Biomedical Engineering;https://dl.acm.org/doi/10.1145/3403782.3403800
63;Grace E. Kim, Moritz Steller, Sarah Olson;Modeling watershed nutrient concentrations with AutoML;CI2020: Proceedings of the 10th International Conference on Climate Informatics;https://dl.acm.org/doi/10.1145/3429309.3429322
64;Pratiksha Saxena, Neha Khanna, Raj Kumar;Impact of variable probability level and nutrient concentration on animal diet formulation;ICTCS '16: Proceedings of the Second International Conference on Information and Communication Technology for Competitive Strategies;https://dl.acm.org/doi/10.1145/2905055.2905286
65;Vijay Pratap Singh Aditya, K. Sasikumar;Nutrient management decision support system for livelihood security of farmers;ACM DEV '13: Proceedings of the 3rd ACM Symposium on Computing for Development;https://dl.acm.org/doi/10.1145/2442882.2442932
66;Gregorio Villalobos, Rana Almaghrabi, Behnoosh Hariri, Shervin Shirmohammadi;A personal assistive system for nutrient intake monitoring;Ubi-MUI '11: Proceedings of the 2011 international ACM workshop on Ubiquitous meta user interfaces;https://dl.acm.org/doi/10.1145/2072652.2072657
67;María Vanessa Villasana, Ivan Miguel Pires, Juliana Sá, Nuno M. Garcia, Nuno Pombo, Eftim Zdravevski, Ivan Chorbev;CoviHealth: Novel approach of a mobile application for nutrition and physical activity management for teenagers;GoodTechs '19: Proceedings of the 5th EAI International Conference on Smart Objects and Technologies for Social Good;https://dl.acm.org/doi/10.1145/3342428.3342657
68;Sara Ozeki, Masaaki Kotera, Katushiko Ishiguro, Taichi Nishimura, Keita Higuchi;Recipe Recommendation for Balancing Ingredient Preference and Daily Nutrients;CEA++ '22: Proceedings of the 1st International Workshop on Multimedia for Cooking, Eating, and related APPlications;https://dl.acm.org/doi/10.1145/3552485.3554941
69;Andreas Seiderer, Hannes Ritschel, Elisabeth André;Development of a Privacy-By-Design Speech Assistant Providing Nutrient Information for German Seniors;GoodTechs '20: Proceedings of the 6th EAI International Conference on Smart Objects and Technologies for Social Good;https://dl.acm.org/doi/10.1145/3411170.3411227
70;Takumi Ohata, Yoko Nishihara, Ryosuke Yamanishi;Foods Recommendation System for Meals-out in Nutrient Balance;CEA '19: Proceedings of the 11th Workshop on Multimedia for Cooking and Eating Activities;https://dl.acm.org/doi/10.1145/3326458.3326926
71;Chun-Hsin Wu, Chih-Hung Hung, Jung-Chin Ke;Analysis Techniques of Food Nutrient Data;ASE BD&SI '15: Proceedings of the ASE BigData & SocialInformatics 2015;https://dl.acm.org/doi/10.1145/2818869.2818873
72;Jon Noronha, Eric Hysen, Haoqi Zhang, Krzysztof Z. Gajos;Platemate: crowdsourcing nutritional analysis from food photographs;UIST '11: Proceedings of the 24th annual ACM symposium on User interface software and technology;https://dl.acm.org/doi/10.1145/2047196.2047198
73;Philipp Schoessler;Feedback fridge: tangible visualization of nutritional data with preventive effect;TEI '11: Proceedings of the fifth international conference on Tangible, embedded, and embodied interaction;https://dl.acm.org/doi/10.1145/1935701.1935821
74;Maria L. Hwang, Lena Mamykina;Monster Appetite: Effects of Subversive Framing on Nutritional Choices in a Digital Game Environment;CHI '17: Proceedings of the 2017 CHI Conference on Human Factors in Computing Systems;https://dl.acm.org/doi/10.1145/3025453.3026052
75;Sapna Bedi, Javier Diaz Ruvalcaba, Zoltan Foley-Fisher, Noreen Kamal, Vincent Tsao;Health shelf: interactive nutritional labels;CHI EA '10: CHI '10 Extended Abstracts on Human Factors in Computing Systems;https://dl.acm.org/doi/10.1145/1753846.1754161
76;Eunhyung Kim, Benjamin Koh, Jennifer Ng, Ray Su;myPyramid: increasing nutritional awareness;CHI EA '06: CHI '06 Extended Abstracts on Human Factors in Computing Systems;https://dl.acm.org/doi/10.1145/1125451.1125800
77;Miguel Ángel Ylizaliturri-Salcedo, J. Antonio García-Macías, Leocundo Aguilar-Noriega, Raúl Cárdenas-Osuna;What Did You Eat Today?: Designing a Health Program on Nutritional Poverty;PervasiveHealth '18: Proceedings of the 12th EAI International Conference on Pervasive Computing Technologies for Healthcare;https://dl.acm.org/doi/10.1145/3240925.3240945
78;Dimitris Ntalaperas, Efthimios Bothos, Konstantinos Perakis, Babis Magoutas, Gregoris Mentzas;DISYS: an intelligent system for personalized nutritional recommendations in restaurants;PCI '15: Proceedings of the 19th Panhellenic Conference on Informatics;https://dl.acm.org/doi/10.1145/2801948.2801997
79;Chenkai Sun, Abolfazl Asudeh, H. V. Jagadish, Bill Howe, Julia Stoyanovich;MithraLabel: Flexible Dataset Nutritional Labels for Responsible Data Science;CIKM '19: Proceedings of the 28th ACM International Conference on Information and Knowledge Management;https://dl.acm.org/doi/10.1145/3357384.3357853
80;Takuji Narumi, Yuki Ban, Tomohiro Tanikawa, Michitaka Hirose;Augmented satiety: interactive nutritional intake controller;SA '12: SIGGRAPH Asia 2012 Emerging Technologies;https://dl.acm.org/doi/10.1145/2407707.2407710
81;Shihono Karikome, Atsushi Fujii;A system for supporting dietary habits: planning menus and visualizing nutritional intake balance;ICUIMC '10: Proceedings of the 4th International Conference on Uniquitous Information Management and Communication;https://dl.acm.org/doi/10.1145/2108616.2108684
82;Longqi Yang, Cheng-Kang Hsieh, Hongjian Yang, John P. Pollak, Nicola Dell, Serge Belongie, Curtis Cole, Deborah Estrin;Yum-Me: A Personalized Nutrient-Based Meal Recommender System;ACM Transactions on Information Systems;https://dl.acm.org/doi/10.1145/3072614
83;Tomasz Kusmierczyk, Kjetil Nørvåg;Online Food Recipe Title Semantics: Combining Nutrient Facts and Topics;CIKM '16: Proceedings of the 25th ACM International on Conference on Information and Knowledge Management;https://dl.acm.org/doi/10.1145/2983323.2983897
84;Avishek Banerjee, Kannan Srinivasan;WiNE: Monitoring Microwave Oven Leakage to Estimate Food Nutrients and Calorie;Proceedings of the ACM on Interactive, Mobile, Wearable and Ubiquitous Technologies;https://dl.acm.org/doi/10.1145/3550313
85;Os Keyes, Jevan Hutson, Meredith Durbin;A Mulching Proposal: Analysing and Improving an Algorithmic System for Turning the Elderly into High-Nutrient Slurry;CHI EA '19: Extended Abstracts of the 2019 CHI Conference on Human Factors in Computing Systems;https://dl.acm.org/doi/10.1145/3290607.3310433
0;Sînziana-Călina Silişteanu, Mihai Covaşă;The importance of nutrition and physical activity in young people increased quality of life;2015 E-Health and Bioengineering Conference (EHB);https://ieeexplore.ieee.org/document/7391476/
1;Maryam Hazman, Amira M. Idrees;A healthy nutrition expert system for children;2015 E-Health and Bioengineering Conference (EHB);https://ieeexplore.ieee.org/document/7391367/
2;Poltak Sihombing, Muhammad Zarlis, Herriyance;Automatic Nutrition Detection System (ANDES) for Hydroponic Monitoring by using Micro controller and Smartphone Android;2019 Fourth International Conference on Informatics and Computing (ICIC);https://ieeexplore.ieee.org/document/8985851/
3;Yan Chen, Shufeng Ma, Yong Xu, Zhouping Wang;Evaluation of the protein nutrition value for lotus seed;2011 International Conference on Remote Sensing, Environment and Transportation Engineering;https://ieeexplore.ieee.org/document/5966125/
4;Mingyin Yao, Muhua Liu, Jinhui Zhao, Lin Huang;Identification of Nutrition Elements in Orange Leaves by Laser Induced Breakdown Spectroscopy;2010 Third International Symposium on Intelligent Information Technology and Security Informatics;https://ieeexplore.ieee.org/document/5453578/
5;Lily Indriani Octovia, Nurul Ratna Mutu Manikam, Fiastuti Witjaksono, Krisadelfa Sutanto, Allya P. Koesoema;mHealth for Mother and Child Health Nutrition - A Review and Proposed Design for Indonesia Focus on Early Life Nutrition in Indonesia;2017 5th International Conference on Instrumentation, Communications, Information Technology, and Biomedical Engineering (ICICI-BME);https://ieeexplore.ieee.org/document/8537775/
6;Anne Moorhead, Raymond Bond, Huri Zheng;Smart food: Crowdsourcing of experts in nutrition and non-experts in identifying calories of meals using smartphone as a potential tool contributing to obesity prevention and management;2015 IEEE International Conference on Bioinformatics and Biomedicine (BIBM);https://ieeexplore.ieee.org/document/7359959/
7;Haik Kalantarian, Nabil Alshurafa, Majid Sarrafzadeh;A Wearable Nutrition Monitoring System;2014 11th International Conference on Wearable and Implantable Body Sensor Networks;https://ieeexplore.ieee.org/document/6855620/
8;Jitao Yang;Mother Care Precision Nutrition Service Based on Nutrigenetics and Nutrition Blood Test;2021 International Conference on Information Systems and Advanced Technologies (ICISAT);https://ieeexplore.ieee.org/document/9678202/
9;O. Zoidi, A. Tefas, I. Pitas;Visual object tracking based on the object's salient features with application in automatic nutrition assistance;2012 IEEE International Conference on Acoustics, Speech and Signal Processing (ICASSP);https://ieeexplore.ieee.org/document/6288168/
10;Haik Kalantarian, Nabil Alshurafa, Mohammad Pourhomayoun, Shruti Sarin, Tuan Le, Majid Sarrafzadeh;Spectrogram-based audio classification of nutrition intake;2014 IEEE Healthcare Innovation Conference (HIC);https://ieeexplore.ieee.org/document/7038899/
11;Ridho Rahman Hariadi, Wijayanti Nurul Khotimah, Eko Adhi Wiyono;Design and implementation of food nutrition information system using SURF and FatSecret API;2015 International Conference on Advanced Mechatronics, Intelligent Manufacture, and Industrial Automation (ICAMIMIA);https://ieeexplore.ieee.org/document/7508027/
12;Riris Aulya Putri, Siti Sendari, Triyanna Widiyaningtyas;Classification of Toddler Nutrition Status with Anthropometry Calculation using Naïve Bayes Algorithm;2018 International Conference on Sustainable Information Engineering and Technology (SIET);https://ieeexplore.ieee.org/document/8693169/
13;Ima Kurniastuti;Application of baby's nutrition status using Macromedia Flash;2017 4th International Conference on Computer Applications and Information Processing Technology (CAIPT);https://ieeexplore.ieee.org/document/8320699/
14;Akihito Ono, Ryosuke Izumi, Hiroki Ishizuka, Kyohei Terao, Hidekuni Takao, Ryuji Ichihashi, Tsuyoshi Kobayashi;Highly pure phloem-sap-extraction sensor device for direct component analysis of nutrition in plant shoots;2017 19th International Conference on Solid-State Sensors, Actuators and Microsystems (TRANSDUCERS);https://ieeexplore.ieee.org/document/7994369/
15;Yuita Arum Sari, Luthfi Maulana, Yusuf Gladiesnyah Bihanda, Jaya Mahar Maligan, Nabila Nur’aini;Leftovers Nutrition Prediction for Augmenting Smart Nutrition Box Prototype Feature Using Image Processing Approach and AFLE Algorithm;2020 3rd International Conference on Computer and Informatics Engineering (IC2IE);https://ieeexplore.ieee.org/document/9274632/
16;Patrick Elfert, Enes Tiryaki, Marco Eichelberg, Norbert Rösch, Andreas Hein;A Deep Learning Assisted Digital Nutrition Diary to Support Nutrition Counseling for People Affected by the Geriatric Frailty Syndrome;2021 IEEE Symposium on Computers and Communications (ISCC);https://ieeexplore.ieee.org/document/9631394/
17;Kyung-Ok Park, Yeong-Tae Song, Jung-Sik Kim, Gu-Beom Jeong;Web-Based Korean National Health and Nutrition Examination Survey System in the Cloud Computing Environment;2011 First ACIS/JNU International Conference on Computers, Networks, Systems and Industrial Engineering;https://ieeexplore.ieee.org/document/5954367/
18;Wenjiang Huang, Jindi Wang, Huawei Wan, Jihua Wang, Liangyun Liu, Chunjiang Zhao;Application of red edge variables in winter wheat nutrition diagnosis;IGARSS 2004. 2004 IEEE International Geoscience and Remote Sensing Symposium;https://ieeexplore.ieee.org/document/1370020/
19;P. B. Sowmiya, B. K. Nagaswetha, D. Priyadharshini;Design of Automatic Nutrition Supply System Using IoT Technique in Modern Cities;2017 International Conference on Technical Advancements in Computers and Communications (ICTACC);https://ieeexplore.ieee.org/document/8067587/
20;P.J. Mahesh, Minhas Naheem, Razak Mubafar, S Shyba, Sunitha Beevi;New aspect for organic farming practices: Controlled crop nutrition and soilless agriculture;2016 IEEE Global Humanitarian Technology Conference (GHTC);https://ieeexplore.ieee.org/document/7857374/
21;Lan-Hsin Hung, I-Wen Chang, Yaw-Jen Lin, Han-Wei Zhang, Heng-Shuen Chen;A Study of the Electronic Healthy Diet and Nutrition Assessment System Applied in a Nursing Home;2007 9th International Conference on e-Health Networking, Application and Services;https://ieeexplore.ieee.org/document/4265798/
22;Suhuai Luo, Hongfeng Xia, Yuan Gao, Jesse S. Jin, Rukshan Athauda;Smart Fridges with Multimedia Capability for Better Nutrition and Health;2008 International Symposium on Ubiquitous Multimedia Computing;https://ieeexplore.ieee.org/document/4656514/
23;Ratih Nur Esti Anggraini, Siti Rochimah, Kessya Din Dalmi;Mobile nutrition recommendation system for 0–2 year infant;2014 The 1st International Conference on Information Technology, Computer, and Electrical Engineering;https://ieeexplore.ieee.org/document/7065755/
24;Chiun-Li Chin, Chen-Cheng Huang, Bing-Jhang Lin, Guei-Ru Wu, Tzu-Chieh Weng, Ho-Feng Chen;Smartphone-based food category and nutrition quantity recognition in food image with deep learning algorithm;2016 International Conference on Fuzzy Theory and Its Applications (iFuzzy);https://ieeexplore.ieee.org/document/8004962/
25;Lih-Juan ChanLin, R.-F.S. Huang, Kung-Chi Chan;Applying Web-based instruction to food nutrition course;International Conference on Computers in Education, 2002. Proceedings.;https://ieeexplore.ieee.org/document/1186018/
26;Qingzhou Zhang, Gaoping Wang;Optimization of nutrition prescription for meals based on Multi-Objective GA;2009 IEEE International Symposium on IT in Medicine & Education;https://ieeexplore.ieee.org/document/5236410/
27;Qiang Li;Notice of Retraction: Element Migration and Nutrition Loss of Epikarst Spring during Rainfall at Nongla, Guangxi, SW China: Observations and Ponder;2011 5th International Conference on Bioinformatics and Biomedical Engineering;https://ieeexplore.ieee.org/document/5780830/
28;Tao Chi, Ming Chen;Study of Non-Destructive Measurement on Crop Nitrogen Nutrition Based on Mutual Information and PSO Algorithm;2009 International Workshop on Intelligent Systems and Applications;https://ieeexplore.ieee.org/document/5073125/
29;Darning Huang, Wenkui Zhang, Ziwei Shen, Baoshu Xi;Applied ecotechnical research on lübao slow-release water-fertilizer-nutrition agent;Tsinghua Science and Technology ( Volume: 9, Issue: 1, February 2004);https://ieeexplore.ieee.org/document/6075639/
30;Supawadee Ekkasan, Theekapun Charoenpong, Kosin Chamnongthai, Supiya Charoensiriwath;A method to read numbers in Thai nutrition facts label by using SVM;2018 International Workshop on Advanced Image Technology (IWAIT);https://ieeexplore.ieee.org/document/8369632/
31;Xiaofeng Shi, Niu Zhu, Yuwei Chen;Big Data Analysis of China’s Sports Nutrition Food Market Based on Information Technology;2022 International Conference on Artificial Intelligence in Everything (AIE);https://ieeexplore.ieee.org/document/9898756/
32;Cui Li, Wang Gaoping;Clustering problem based on ant colony algorithm and it’s application in dietary nutrition decision supporting system;2008 IEEE International Symposium on IT in Medicine and Education;https://ieeexplore.ieee.org/document/4743894/
33;N. A. Bruevich, Yu. A. Ivashkin, M. A. Nikitina;Information Technology in The Mobile Application of Analysis and Correction of The Diet of Individual Healthy Nutrition;2019 Systems of Signals Generating and Processing in the Field of on Board Communications;https://ieeexplore.ieee.org/document/8706763/
34;A. Romanczuk, G. Comyn, R. Beuscart;An expertise in the field of nutrition with an object oriented language 'KEOPS';Proceedings of the Annual International Conference of the IEEE Engineering in Medicine and Biology Society;https://ieeexplore.ieee.org/document/95132/
35;Yuanfang Xu, Xianmin Wang, Hong Sun, Haihua Wang, Yan'e Zhan;Study of monitoring maize leaf nutrition based on image processing and spectral analysis;2010 World Automation Congress;https://ieeexplore.ieee.org/document/5665524/
36;Iztok Petek, Natasa Zajec;Collaborative Intelligence and Decentralized Business Community Building–Potentials in Food/Nutrition Sector;2018 IEEE 34th International Conference on Data Engineering Workshops (ICDEW);https://ieeexplore.ieee.org/document/8402034/
37;İbrahim Berkan Aydilek;Approximate estimation of the nutritions of consumed food by deep learning;2017 International Conference on Computer Science and Engineering (UBMK);https://ieeexplore.ieee.org/document/8093588/
38;Wenshan Ke, Zhiting Xiong;Difference of Growth, Copper Accumulation and Mineral Element Uptake in Two Elsholtzia Haichowensis Populations under Copper and Mineral Nutrition Stress;2008 2nd International Conference on Bioinformatics and Biomedical Engineering;https://ieeexplore.ieee.org/document/4535214/
39;Yuita Arum Sari, Jaya Mahar Maligan, Andriko Fajar Prakoso;Improving the Elementary Leftover Food Estimation Algorithm by Using Clustering Image Segmentation in Nutrition Intake Problem;2020 International Conference on Computer Engineering, Network, and Intelligent Multimedia (CENIM);https://ieeexplore.ieee.org/document/9298005/
40;Cai Xiao-Di, Liu Yue-Feng, Li Tie;Notice of Retraction: Study effects of aerobic exercise and nutrition intervention in female healthy weight loss;2010 International Conference on Education and Management Technology;https://ieeexplore.ieee.org/document/5657571/
41;Jincheng Li, Wenxiang Xia, Chenguang Tang, Zhenxia Wang, Xingchuan Xiao, Hui Zhong, Jiuzhou Zhao;Optimization of Nutrition Condition for Biodegradation of Diesel Oil Using Response Surface Methodology;2010 4th International Conference on Bioinformatics and Biomedical Engineering;https://ieeexplore.ieee.org/document/5516461/
42;Manuel Müller, Stefanie Mika, Morgan Harvey, David Elsweiler;Estimating nutrition values for internet recipes;2012 6th International Conference on Pervasive Computing Technologies for Healthcare (PervasiveHealth) and Workshops;https://ieeexplore.ieee.org/document/6240385/
43;Shin-Ichi Aoqui, Noriko Horibe, Fumiaki Mitsugi, Kazuhiro Nagahama, Hiroharu Kawasaki;Interaction of Atmospheric Serpentine Plasma and Green Mold under a High Nutrition Condition;2015 IIAI 4th International Congress on Advanced Applied Informatics;https://ieeexplore.ieee.org/document/7373993/
44;C. Williams;Influence Of Nutrition On Exercise Capacity;IEE Colloquium on Measurement in Sport and Exercise;https://ieeexplore.ieee.org/document/696149/
45;Hongzhen Xu, Hua Qin, Maolan Li;Nutrition Catering System of Hospitals Based on Web Services Integrating Wireless and Wired Network;2009 International Conference on Multimedia Information Networking and Security;https://ieeexplore.ieee.org/document/5371003/
46;M. Varman, M. Niccolai;Expert system in neonatal total parenteral nutrition;Proceedings of the 1997 16 Southern Biomedical Engineering Conference;https://ieeexplore.ieee.org/document/583212/
47;Fang Sun;Computer Optimization of Food Nutrition Formula Based on the Consideration of Adaptive Genetic Algorithm;2019 International Conference on Intelligent Transportation, Big Data & Smart City (ICITBS);https://ieeexplore.ieee.org/document/8669565/
48;Chun-Ming Hung, Chiung-Hui Chiu, Yen-Ting Chen, Mei-Ju Su, Heng-Shuen Chen;Effectiveness of Game-based Learning of a National Health e-Learning Network for nutrition education in elementary school;2009 11th International Conference on e-Health Networking, Applications and Services (Healthcom);https://ieeexplore.ieee.org/document/5406187/
49;Yoke S. Irawan, Allya P. Koesoema, Soegijardjo Soegijoko, Annisa Riyani, Dody Q. Utama;Bunda Cermat: Integrating Financial, Nutrition and ICT Literacy for Women in Indonesia;2018 International Conference on ICT for Rural Development (IC-ICTRuDev);https://ieeexplore.ieee.org/document/8706858/
50;Li-Li Chu, Xiao-Feng Wang, Li-Na Zheng;Study on compensation effects of nitrogen nutrition and water stress in the yield of soybean;2011 International Conference on New Technology of Agricultural;https://ieeexplore.ieee.org/document/5943832/
51;Sînziana-Călina Silişteanu, Mihai Covaşă;Reduction of body weight through nutrition intervention reduces chronic low back pain;2015 E-Health and Bioengineering Conference (EHB);https://ieeexplore.ieee.org/document/7391427/
52;Vilda Ana Veria Setyawati, Bambang Agus Herlambang;Mobile Health Nutrition Book Design to Prevent Stunting at Childreen <5 Years;2018 International Seminar on Application for Technology of Information and Communication;https://ieeexplore.ieee.org/document/8549745/
53;Wen-Chuan Wu, Yu-Han Yu;Combination of Augmented Reality with Chatbots for Visual Aids in Nutrition Education;2022 IEEE International Conference on Consumer Electronics - Taiwan;https://ieeexplore.ieee.org/document/9869292/
54;Nives Ogrinc, Barbara Koroušić Seljak, Karl Presser, Marga Ocke, Iulia Iatco, Claudia Zoani;Promoting Metrology in Food and Nutrition: A Position Paper on METROFOOD-RI and its e-component;2019 IEEE International Conference on Big Data (Big Data);https://ieeexplore.ieee.org/document/9006435/
55;Gaoping Wang, Yanping Sun, Yueyan Chen;Notice of Retraction: Constrained multi-objective evolutionary algorithm for application decision-making in nutrition;2010 International Conference on Computer and Communication Technologies in Agriculture Engineering;https://ieeexplore.ieee.org/document/5544196/
56;J.W. Thorp, W.M. Heroman, D.I. Wright;Computer assistance to formulate, order and evaluate parenteral nutrition solutions;The Seventh Annual Symposium on Computer Applications in Medical Care, 1983. Proceedings.;https://ieeexplore.ieee.org/document/764594/
57;Steven Britz, Roman Mirecki, Joe Sullivan;Shedding light on nutrition;2009 Conference on Lasers and Electro-Optics and 2009 Conference on Quantum electronics and Laser Science Conference;https://ieeexplore.ieee.org/document/5225434/
58;Xiangqian Ma, Xinghai Zhang;Research on the Nutrition Ways for High Level Middle-Distance Runner;2010 4th International Conference on Bioinformatics and Biomedical Engineering;https://ieeexplore.ieee.org/document/5515763/
59;Lina Ma, Shu Fu, Xiangyue Yang, Xin Jian;Design and Implementation of the Background Management Platform of Nutrition Point Catering for the Elderly;2018 IEEE 16th Intl Conf on Dependable, Autonomic and Secure Computing, 16th Intl Conf on Pervasive Intelligence and Computing, 4th Intl Conf on Big Data Intelligence and Computing and Cyber Science and Technology Congress(DASC/PiCom/DataCom/CyberSciTech);https://ieeexplore.ieee.org/document/8511923/
60;Masaaki Tanaka, Azusa Kanda, Tokuro Matsuo, Takanori Terashima;An Improvement of Instructional Methods for Nutrition Education;2010 IEEE/ACIS 9th International Conference on Computer and Information Science;https://ieeexplore.ieee.org/document/5590389/
61;Ayushi Singh, Abhishek Mishra, Mohammed Ahmed;Energy Efficient Routing HART Protocol in Soil Nutrition Analysis for Agriculture;2019 International Conference on Intelligent Computing and Control Systems (ICCS);https://ieeexplore.ieee.org/document/9065827/
62;Jingru Ren;An Empirical Study on the Changes in Health Inequality of Chinese Residents: based on data from China Health and Nutrition Survey;2021 International Conference on Health Big Data and Smart Sports (HBDSS);https://ieeexplore.ieee.org/document/9681128/
63;Asmabee Khan, Sachin Deshpande, Amiya K. Tripathy;Optimizing Nutrition using Machine Learning Algorithms-a Comparative Analysis;2019 International Conference on Nascent Technologies in Engineering (ICNTE);https://ieeexplore.ieee.org/document/8946091/
64;Sang C. Suh, Lavanya Gaddam;Role of clustering of ontology relations for preventive health care through nutrition;International Conference on Mobile IT Convergence;https://ieeexplore.ieee.org/document/6061539/
65;Anahita Hosseini, Haik Kalantarian, Majid Sarrafzadeh;Adaptive data processing for real-time nutrition monitoring;2016 38th Annual International Conference of the IEEE Engineering in Medicine and Biology Society (EMBC);https://ieeexplore.ieee.org/document/7591088/
66;Xuehong Zhang;Evaluation of Corn Nitrogen Nutrition Using Hyperspectral Remote Sensing;2009 First International Conference on Information Science and Engineering;https://ieeexplore.ieee.org/document/5455530/
67;Patama Juntakoon, Arisara Jiamsanguanwong;Usability Evaluation of Nutrition Fact Label;2018 3rd International Conference on Information Systems Engineering (ICISE);https://ieeexplore.ieee.org/document/8614473/
68;Khiem Nguyen Khac, Tan Pham Huu, Hung Luu Quang, Denis A. Letavin, Nikolay S. Knyazev;Development of Rektenna for Nutrition of Small-Building Devices;2018 26th Telecommunications Forum (TELFOR);https://ieeexplore.ieee.org/document/8612085/
69;D. Rubilar, A. Aguilera;Automated Menu Recommendation System Focused on Clinical Nutrition;2019 IEEE CHILEAN Conference on Electrical, Electronics Engineering, Information and Communication Technologies (CHILECON);https://ieeexplore.ieee.org/document/8988061/
70;Huidong Zhuang, Wei Hong, Hua Li, Changwei Yu, Xiaopei Jin, Zengguo Zhang, Shihua Liang;Pilot Test of Using Organic Nutrition Strengthening Technology to Treat High Nitrogenous Wastewater;2020 7th International Conference on Information Science and Control Engineering (ICISCE);https://ieeexplore.ieee.org/document/9532174/
71;Kai Hu, Xuan-wen Fang;The Nutrition Supplier's Technical Service Level, Feed Transfer Pricing and Profit Distribution in the Pig Supply Chain;2011 International Conference on Management and Service Science;https://ieeexplore.ieee.org/document/5999380/
72;Syamsul Rizal, Nor Kumalasari Caecar Pratiwi, Nur Ibrahim, Nathaniel Syalomta, Muhammad Ikhwan Khalid Nasution;Classification Of Nutrition Deficiency In Rice Plant Using CNN;2022 1st International Conference on Information System & Information Technology (ICISIT);https://ieeexplore.ieee.org/document/9873082/
73;Giuseppe Agapito, Barbara Calabrese, Ilaria Carè, Daniela Falcone, Pietro Hiram Guzzi, Nicola Ielpo;Profiling basic health information of tourists: towards a recommendation system for the adaptive delivery of medical certified nutrition contents;2014 International Conference on High Performance Computing & Simulation (HPCS);https://ieeexplore.ieee.org/document/6903744/
74;Parisa Pouladzadeh, Shervin Shirmohammadi, Rana Al-Maghrabi;Measuring Calorie and Nutrition From Food Image;IEEE Transactions on Instrumentation and Measurement ( Volume: 63, Issue: 8, August 2014);https://ieeexplore.ieee.org/document/6748066/
75;Pengfei Chen, Jihua Wang, Wenjiang Huang, Nicolas Tremblay, Yangzhu Ou, Qian Zhang;Critical Nitrogen Curve and Remote Detection of Nitrogen Nutrition Index for Corn in the Northwestern Plain of Shandong Province, China;IEEE Journal of Selected Topics in Applied Earth Observations and Remote Sensing ( Volume: 6, Issue: 2, April 2013);https://ieeexplore.ieee.org/document/6410363/
76;Prabha Sundaravadivel, Kavya Kesavan, Lokeshwar Kesavan, Saraju P. Mohanty, Elias Kougianos;Smart-Log: A Deep-Learning Based Automated Nutrition Monitoring System in the IoT;IEEE Transactions on Consumer Electronics ( Volume: 64, Issue: 3, August 2018);https://ieeexplore.ieee.org/document/8449987/
77;Yuju Lee, Ming-Chun Huang, Xiaoyi Zhang, Wenyao Xu;FridgeNet: A Nutrition and Social Activity Promotion Platform for Aging Populations;IEEE Intelligent Systems ( Volume: 30, Issue: 4, July-Aug. 2015);https://ieeexplore.ieee.org/document/7156009/
78;Nabil Alshurafa, Haik Kalantarian, Mohammad Pourhomayoun, Jason J. Liu, Shruti Sarin, Behnam Shahbazi;Recognition of Nutrition Intake Using Time-Frequency Decomposition in a Wearable Necklace Using a Piezoelectric Sensor;IEEE Sensors Journal ( Volume: 15, Issue: 7, July 2015);https://ieeexplore.ieee.org/document/7039196/
79;Arnel B. Ocay, Jane M. Fernandez, Thelma D. Palaoag;NutriTrack: Android-based food recognition app for nutrition awareness;2017 3rd IEEE International Conference on Computer and Communications (ICCC);https://ieeexplore.ieee.org/document/8322907/
80;Haotian Jiang, James Starkman, Menghan Liu, Ming-Chun Huang;Food Nutrition Visualization on Google Glass: Design Tradeoff and Field Evaluation;IEEE Consumer Electronics Magazine ( Volume: 7, Issue: 3, May 2018);https://ieeexplore.ieee.org/document/8332922/
81;Dania Eridani, Olivia Wardhani, Eko Didik Widianto;Designing and implementing the arduino-based nutrition feeding automation system of a prototype scaled nutrient film technique (NFT) hydroponics using total dissolved solids (TDS) sensor;2017 4th International Conference on Information Technology, Computer, and Electrical Engineering (ICITACEE);https://ieeexplore.ieee.org/document/8257697/
82;Carolina Bravo Pillon, Letícia Rocha Machado, Régio Pierre da Silva;Augmented Reality Application Development About Nutrition for the Elderly;2018 XIII Latin American Conference on Learning Technologies (LACLO);https://ieeexplore.ieee.org/document/8783970/
83;Elaine Short, Katelyn Swift-Spong, Jillian Greczek, Aditi Ramachandran, Alexandru Litoiu, Elena Corina Grigore;How to train your DragonBot: Socially assistive robots for teaching children about nutrition through play;The 23rd IEEE International Symposium on Robot and Human Interactive Communication;https://ieeexplore.ieee.org/document/6926371/
84;Prabha Sundaravadivel, Kavya Kesavan, Lokeshwar Kesavan, Saraju P. Mohanty, Elias Kougianos;Smart-log: An automated, predictive nutrition monitoring system for infants through the IoT;2018 IEEE International Conference on Consumer Electronics (ICCE);https://ieeexplore.ieee.org/document/8326068/
85;Jen-Hao Chen, Peggy Pei-Yu Chi, Hao-Hua Chu, Cheryl Chia-Hui Chen, Polly Huang;A Smart Kitchen for Nutrition-Aware Cooking;IEEE Pervasive Computing ( Volume: 9, Issue: 4, October-December 2010);https://ieeexplore.ieee.org/document/5586695/
86;Rana Almaghrabi, Gregorio Villalobos, Parisa Pouladzadeh, Shervin Shirmohammadi;A novel method for measuring nutrition intake based on food image;2012 IEEE International Instrumentation and Measurement Technology Conference Proceedings;https://ieeexplore.ieee.org/document/6229581/
87;Andreas Backhaus, Felix Bollenbeck, Udo Seiffert;Robust classification of the nutrition state in crop plants by hyperspectral imaging and artificial neural networks;2011 3rd Workshop on Hyperspectral Image and Signal Processing: Evolution in Remote Sensing (WHISPERS);https://ieeexplore.ieee.org/document/6080898/
88;Stefan Scerri, Lalit Garg, Ramandeep Garg, Christian Scerri, Peter Xuereb, Gianpaolo Tomaselli;Understanding Human-Device Interaction patterns within the context of mobile nutrition;2015 2nd International Conference on Recent Advances in Engineering & Computational Sciences (RAECS);https://ieeexplore.ieee.org/document/7453410/
89;Mitul A Shah, Eric Ledet, Juergen Hahn;Effect of loading frequency on trans-endplate nutrition across the intervertebral disc: A force-controlled unconfined compression experiment;2014 40th Annual Northeast Bioengineering Conference (NEBEC);https://ieeexplore.ieee.org/document/6972934/
90;Mandy Korpusik, James Glass;Spoken Language Understanding for a Nutrition Dialogue System;IEEE/ACM Transactions on Audio, Speech, and Language Processing ( Volume: 25, Issue: 7, July 2017);https://ieeexplore.ieee.org/document/7902155/
91;Lanzhou Wang, Qiao Li;Analysis on a model constructed by weak electrical signals on information transmission of nutrition growth in plants;Proceedings of the 29th Chinese Control Conference;https://ieeexplore.ieee.org/document/5572143/
92;Chih-Han Chen, Maria Karvela, Mohammadreza Sohbati, Thaksin Shinawatra, Christofer Toumazou;PERSON—Personalized Expert Recommendation System for Optimized Nutrition;IEEE Transactions on Biomedical Circuits and Systems ( Volume: 12, Issue: 1, February 2018);https://ieeexplore.ieee.org/document/8089390/
93;Yoke Jia Thong, Thuong Nguyen, Qing Zhang, Mohan Karunanithi, Lei Yu;Predicting food nutrition facts using pocket-size near-infrared sensor;2017 39th Annual International Conference of the IEEE Engineering in Medicine and Biology Society (EMBC);https://ieeexplore.ieee.org/document/8036931/
94;Arturo Cruz-Maya, Adriana Tapus;Teaching nutrition and healthy eating by using multimedia with a Kompai robot: Effects of stress and user's personality;2016 IEEE-RAS 16th International Conference on Humanoid Robots (Humanoids);https://ieeexplore.ieee.org/document/7803342/
95;Konstantinos Mitsis, Konstantia Zarkogianni, Nefeli Bountouni, Maria Athanasiou, Konstantina S. Nikita;An Ontology-Based Serious Game Design for the Development of Nutrition and Food Literacy Skills;2019 41st Annual International Conference of the IEEE Engineering in Medicine and Biology Society (EMBC);https://ieeexplore.ieee.org/document/8856604/
96;M.L.K. Tate;The role of mechanical load-induced fluid flow in osteocyte nutrition and its clinical implications;Proceedings of the First Joint BMES/EMBS Conference. 1999 IEEE Engineering in Medicine and Biology 21st Annual Conference and the 1999 Annual Fall Meeting of the Biomedical Engineering Society (Cat. N;https://ieeexplore.ieee.org/document/802569/
97;Tsuguya Ueta, Masashi Iwakami, Takayuki Ito;Implementation of a Goal-Oriented Recipe Recommendation System Providing Nutrition Information;2011 International Conference on Technologies and Applications of Artificial Intelligence;https://ieeexplore.ieee.org/document/6120741/
98;Li Yalun, Achara Khamaksorn;A Review of Applying Healthy Dietary Nutrition Knowledge in Tertiary Education Setting;2020 Joint International Conference on Digital Arts, Media and Technology with ECTI Northern Section Conference on Electrical, Electronics, Computer and Telecommunications Engineering (ECTI DAMT & NCON);https://ieeexplore.ieee.org/document/9090755/
99;Yuan Yuan, Lei Chen, Miao Li, Na Wu, Li Wan, Shimei Wang;Diagnosis of nitrogen nutrition of rice based on image processing of visible light;2016 IEEE International Conference on Functional-Structural Plant Growth Modeling, Simulation, Visualization and Applications (FSPMA);https://ieeexplore.ieee.org/document/7818311/
100;Haiyan Song, Yong He;Crop nutrition diagnosis expert system based on artificial neural networks;Third International Conference on Information Technology and Applications (ICITA'05);https://ieeexplore.ieee.org/document/1488826/
101;Silvia Oliveros Torres, Heather Eicher-Miller, Carol Boushey, David Ebert, Ross Maciejewski;Applied Visual Analytics for Exploring the National Health and Nutrition Examination Survey;2012 45th Hawaii International Conference on System Sciences;https://ieeexplore.ieee.org/document/6149111/
102;Niloofar Hezarjaribi, Cody A. Reynolds, Drew T. Miller, Naomi Chaytor, Hassan Ghasemzadeh;S2NI: A mobile platform for nutrition monitoring from spoken data;2016 38th Annual International Conference of the IEEE Engineering in Medicine and Biology Society (EMBC);https://ieeexplore.ieee.org/document/7591115/
103;Mihnea Donciu, Madalina Ionita, Mihai Dascalu, Stefan Trausan-Matu;The Runner -- Recommender System of Workout and Nutrition for Runners;2011 13th International Symposium on Symbolic and Numeric Algorithms for Scientific Computing;https://ieeexplore.ieee.org/document/6169585/
104;Diptee Kumbhar, Sarita Patil;Mobile cloud based system recognizing nutrition and freshness of food image;2017 International Conference on Energy, Communication, Data Analytics and Soft Computing (ICECDS);https://ieeexplore.ieee.org/document/8389528/
105;Manuel B. Garcia, Joel B. Mangaba, Celeste C. Tanchoco;Virtual Dietitian: A Nutrition Knowledge-Based System Using Forward Chaining Algorithm;2021 International Conference on Innovation and Intelligence for Informatics, Computing, and Technologies (3ICT);https://ieeexplore.ieee.org/document/9581887/
106;Purnawarman Musa, Herik Sugeru, Haya Fadhila Mufza;An intelligent applied Fuzzy Logic to prediction the Parts per Million (PPM) as hydroponic nutrition on the based Internet of Things (IoT);2019 Fourth International Conference on Informatics and Computing (ICIC);https://ieeexplore.ieee.org/document/8985712/
107;René Baranyi, Bernhard Steyrer, Lukas Lechner, Gevher N. Agbektas, Nadja Lederer, Thomas Grechenig;NutritionRush - a serious game to support people with the awareness of their nutrition intake;2017 IEEE 5th International Conference on Serious Games and Applications for Health (SeGAH);https://ieeexplore.ieee.org/document/7939271/
108;Qiang Cao, Yuxin Miao, Xiaowei Gao, Bin Liu, Guohui Feng, Shanchao Yue;Estimating the nitrogen nutrition index of winter wheat using an active canopy sensor in the North China Plain;2012 First International Conference on Agro- Geoinformatics (Agro-Geoinformatics);https://ieeexplore.ieee.org/document/6311634/
109;Ming-Feng Li, Jian-Qiang Zhu, Zhen-Hui Jiang;Plant Growth Regulators and Nutrition Applied to Cotton after Waterlogging;2013 Third International Conference on Intelligent System Design and Engineering Applications;https://ieeexplore.ieee.org/document/6456134/
110;Diana Ferreira, Hugo Peixoto, José Machado, António Abelha;Predictive Data Mining in Nutrition Therapy;2018 13th APCA International Conference on Automatic Control and Soft Computing (CONTROLO);https://ieeexplore.ieee.org/document/8516413/
111;Stefan Scerri, Lalit Garg, Christian Scerri, Ramandeep Garg;Human-Computer Interaction Patterns within the Mobile Nutrition Landscape: A Review of Literature;2014 International Conference on Future Internet of Things and Cloud;https://ieeexplore.ieee.org/document/6984234/
112;Dimitrios P. Panagoulias, Dionisios N. Sotiropoulos, George A. Tsihrintzis;Nutritional biomarkers and machine learning for personalized nutrition applications and health optimization;2021 12th International Conference on Information, Intelligence, Systems & Applications (IISA);https://ieeexplore.ieee.org/document/9555512/
113;Sirichai Turmchokkasam, Kosin Chamnongthai;The Design and Implementation of an Ingredient-Based Food Calorie Estimation System Using Nutrition Knowledge and Fusion of Brightness and Heat Information;IEEE Access ( Volume: 6);https://ieeexplore.ieee.org/document/8359388/
114;Oana Geman, Roxana Toderean, Maria Magdalena Lungu, Iuliana Chiuchisan, Mihai Covasa;Challenges in nutrition education using smart sensors and personalized tools for prevention and control of type 2 diabetes;2017 IEEE 23rd International Symposium for Design and Technology in Electronic Packaging (SIITME);https://ieeexplore.ieee.org/document/8259943/
115;S. Miksch, M. Dobner, W. Horn, C. Popow;VIE-PNN: An expert system for parenteral nutrition of neonates;Proceedings of 9th IEEE Conference on Artificial Intelligence for Applications;https://ieeexplore.ieee.org/document/366598/
116;Alireza Ahrary, R. Dennis A. Ludena;Big data approach to a novel nutrition-based vegetable production and distribution system;2013 IEEE International Conference on Computational Intelligence and Cybernetics (CYBERNETICSCOM);https://ieeexplore.ieee.org/document/6865796/
117;En-Yu Lin, Don-Lin Yang, Ming-Chuan Hung;System Design of an Intelligent Nutrition Consultation and Recommendation Model;2012 9th International Conference on Ubiquitous Intelligence and Computing and 9th International Conference on Autonomic and Trusted Computing;https://ieeexplore.ieee.org/document/6332076/
118;Dewi Ika Sari, Sari Widya Sihwi, Rini Anggrainingsih;Ontology model in pediatric nutrition domain;2014 International Conference on Information Technology Systems and Innovation (ICITSI);https://ieeexplore.ieee.org/document/7048236/
119;Bikesh Maharjan, Juan Li, Jun Kong, Cui Tao;Alexa, What Should I Eat? : A Personalized Virtual Nutrition Coach for Native American Diabetes Patients Using Amazon’s Smart Speaker Technology;2019 IEEE International Conference on E-health Networking, Application & Services (HealthCom);https://ieeexplore.ieee.org/document/9009613/
120;Elizabeth Gorbonos, Yang Liu, Chính T. Hoàng;NutRec: Nutrition Oriented Online Recipe Recommender;2018 IEEE/WIC/ACM International Conference on Web Intelligence (WI);https://ieeexplore.ieee.org/document/8609572/
121;Taslima Akter Tamanna, Srijani Choudhury, Afsana, Mohammad Monirujjaman Khan;Mobile Application Based Teli-nutrition System for Covid-19 Pandemic;2021 IEEE 12th Annual Information Technology, Electronics and Mobile Communication Conference (IEMCON);https://ieeexplore.ieee.org/document/9623177/
122;Neema Mduma, Khamisi Kalegele;Enhancing management of nutrition information using mobile application: Prenatal and postnatal requirements;2017 IST-Africa Week Conference (IST-Africa);https://ieeexplore.ieee.org/document/8102282/
123;Konstantinos Mitsis, Konstantia Zarkogianni, Kalliopi Dalakleidi, George Mourkousis, Konstantina S. Nikita;Evaluation of a Serious Game Promoting Nutrition and Food Literacy: Experiment Design and Preliminary Results;2019 IEEE 19th International Conference on Bioinformatics and Bioengineering (BIBE);https://ieeexplore.ieee.org/document/8941930/
124;M. Sundarramurthi, Nihar M, Anandi Giridharan;Personalised Food Classifier and Nutrition Interpreter Multimedia Tool Using Deep Learning;2020 IEEE REGION 10 CONFERENCE (TENCON);https://ieeexplore.ieee.org/document/9293908/
125;Ana Beatriz Bahia, Angelia Berndt, Greice Bordignon, Emilio Takase;Nutrition at play technology promoting alimentary behavior modification;2014 IEEE 3nd International Conference on Serious Games and Applications for Health (SeGAH);https://ieeexplore.ieee.org/document/7067085/
126;Lakshika J. Paiva, Naomi C. Krishnarajah;Multiple Nutrition Education Strategies as an Approach to Reduce Risks of Unhealthy Diets towards the Reduction of Non-Communicable Diseases;2012 IEEE Global Humanitarian Technology Conference;https://ieeexplore.ieee.org/document/6387077/
127;A. Marquez-Tellez, M. Vazquez-Briseno, J.I. Nieto-Hipolito, J.D. Sanchez Lopez;Using sensor fusion in a serious game for children nutrition education;2017 International Conference on Electronics, Communications and Computers (CONIELECOMP);https://ieeexplore.ieee.org/document/7891816/
128;Paula Jarvinen, Timo H. Jarvinen, Liisa Lahteenmaki, Caj Sodergard;HyperFit: Hybrid media in personal nutrition and exercise management;2008 Second International Conference on Pervasive Computing Technologies for Healthcare;https://ieeexplore.ieee.org/document/4571074/
129;Firstyani Imannisa Rahma, Rizki Mawan, Harianto Harianto, Kusrini;Nutrition and Lifestyle Recommendations for Patients Recovering from Covid-19 in Nusa Tenggara Barat Province;2020 2nd International Conference on Cybernetics and Intelligent System (ICORIS);https://ieeexplore.ieee.org/document/9320829/
130;Zixuan Xu, Xuhao Zhao, Zhiyu Tian, Zhenhua Zhuang, Jiaqi Wang;The Design of Nutrition Ordering System without Queuing in the College Canteen;2020 International Conference on Computer Information and Big Data Applications (CIBDA);https://ieeexplore.ieee.org/document/9148243/
131;David Ribeiro, João Costa, Inês Lopes, Telmo Barbosa, Carlos Soares, Filipe Sousa, Jorge Ribeiro;FILLET - Platform for Intelligent Nutrition;2020 IEEE/ACS 17th International Conference on Computer Systems and Applications (AICCSA);https://ieeexplore.ieee.org/document/9316490/
132;Heri Andrianto, Suhardi, Ahmad Faizal;Measurement of chlorophyll content to determine nutrition deficiency in plants: A systematic literature review;2017 International Conference on Information Technology Systems and Innovation (ICITSI);https://ieeexplore.ieee.org/document/8267976/
133;Carlos Henrique Kuretzki, Maria Eliana M. Schieferdecker, José Simão de Paula Pinto, Osvaldo Malafaia;Utilization of the Apriori Data Mining method in a research software with electronic protocol in Enteral Nutrition;2009 World Congress on Nature & Biologically Inspired Computing (NaBIC);https://ieeexplore.ieee.org/document/5393547/
134;Rui Miranda, Diana Ferreira, António Abelha, José Machado;Intelligent Nutrition in Healthcare and Continuous Care;2019 International Conference in Engineering Applications (ICEA);https://ieeexplore.ieee.org/document/8883496/
135;Isura Nirmal, Amith Caldera, Roshan Dela Bandara;Optimization Framework for Flavour and Nutrition Balanced Recipe: A Data Driven Approach;2018 5th IEEE Uttar Pradesh Section International Conference on Electrical, Electronics and Computer Engineering (UPCON);https://ieeexplore.ieee.org/document/8596886/
136;George Salloum, Elie Semaan, Joe Tekli;PIN Prototype for Intelligent Nutrition Assessment and Meal Planning;2018 IEEE International Conference on Cognitive Computing (ICCC);https://ieeexplore.ieee.org/document/8457705/
137;Siti Sendari, Triyanna Widyaningtyas, Nur Amelia Maulidia;Classification of Toddler Nutrition Status with Anthropometry using the K-Nearest Neighbor Method;2019 International Conference on Electrical, Electronics and Information Engineering (ICEEIE);https://ieeexplore.ieee.org/document/8981408/
138;Sashant Suhag, Nidhi Singh, Sanskriti Jadaun, Prashant Johri, Ayush Shukla, Nidhi Parashar;IoT based Soil Nutrition and Plant Disease Detection System for Smart Agriculture;2021 10th IEEE International Conference on Communication Systems and Network Technologies (CSNT);https://ieeexplore.ieee.org/document/9509719/
139;Raciel Yera Toledo, Luis Martínez;A Health-Awareness Nutrition Recommender System;2019 IEEE 14th International Conference on Intelligent Systems and Knowledge Engineering (ISKE);https://ieeexplore.ieee.org/document/9170432/
140;Muhammad Asraf Hairuddin, Nooritawati Md Tahir, Shah Rizam Shah Baki;Representation of Elaeis Guineensis nutrition deficiency based on image processing approach;2011 IEEE International Conference on Computer Applications and Industrial Electronics (ICCAIE);https://ieeexplore.ieee.org/document/6162206/
141;L.B Flores-Tejeida, G.M Soto-Zarazúa, R.G Guevara-González, A. Escamilla-García, J.G Gómez-Soto;A review of hot and sweet pepper added in animal nutrition: alternative against the use of antibiotics;2018 XIV International Engineering Congress (CONIIN);https://ieeexplore.ieee.org/document/8489822/
142;Mark Hsiao, Ya-Fan Yeh, Pei-Yun Hsueh, Selina Lee;Intelligent Nutrition Service for Personalized Dietary Guidelines and Lifestyle Intervention;2011 International Joint Conference on Service Sciences;https://ieeexplore.ieee.org/document/5960235/
143;Ioannis K. Valavanis, Stavroula G. Mougiakakou, Stathis Marinos, George Karkalis, Keith A. Grimaldi;Gene - nutrition interactions in the onset of obesity as Cardiovascular Disease risk factor based on a computational intelligence method;2008 8th IEEE International Conference on BioInformatics and BioEngineering;https://ieeexplore.ieee.org/document/4696678/
144;Meng-Lin Chiang, Chia-An Wu, Jian-Kai Feng, Chiung-Yao Fang, Sei-Wang Chen;Food Calorie and Nutrition Analysis System based on Mask R-CNN;2019 IEEE 5th International Conference on Computer and Communications (ICCC);https://ieeexplore.ieee.org/document/9064257/
145;Narkprasit Chusak;An eLearning model in prevention of nutrition-related diseases for senior working adults;2010 4th International Conference on Distance Learning and Education;https://ieeexplore.ieee.org/document/5606046/
146;Fidelson Tanzil, Lili A. Wulandhari, Sani M. Isa;Artificial Bee Colony — Based for dietary recommendation in daily nutrition requirements;2016 11th International Conference on Knowledge, Information and Creativity Support Systems (KICSS);https://ieeexplore.ieee.org/document/7951406/
147;Jen-Hao Hsiao, Henry Chang;A random walks perspective on maximizing satisfaction of personalized nutrition planning;2012 25th IEEE International Symposium on Computer-Based Medical Systems (CBMS);https://ieeexplore.ieee.org/document/6266299/
148;Pedro Reisinho, Cátia Silva, Mário Vairinhos, Ana Patrícia Oliveira, Nelson Zagalo;Tangible Interfaces and Augmented Reality in a Nutrition Serious Game for Kids;2021 IEEE 9th International Conference on Serious Games and Applications for Health(SeGAH);https://ieeexplore.ieee.org/document/9551852/
149;Priscila Alves Maranhão, Gustavo Marísio Bacelar-Silva, Duarte Nuno Gonçalves-Ferreira, Pedro Vieira-Marques;Relevant Lifelong Nutrition Information for the Prevention and Treatment of Childhood Obesity - Design and Creation of New openEHR Archetype Set;2017 IEEE 30th International Symposium on Computer-Based Medical Systems (CBMS);https://ieeexplore.ieee.org/document/8104194/
150;Chaitanya Kosaraju, Sony Chiruguri, Noorjahan Mohammad, Baby Thanuja Jetty, Gayathri Gali;A Model for Analysis of Diseases Based on Nutrition Deficiency Using Random Forest;2022 7th International Conference on Communication and Electronics Systems (ICCES);https://ieeexplore.ieee.org/document/9835805/
151;Nikitas N. Karanikolas, Anastasia Tritaki, Oleg Karavasileiadis;Advanced Database Design and Modern Web Technologies Used in Nutrition Software Design;2012 16th Panhellenic Conference on Informatics;https://ieeexplore.ieee.org/document/6377416/
152;Cao Xin, Wang Zhihong;A study on the influence models of the correlation between nutrition factors and the breakout of algal bloom;2011 International Conference on Electric Technology and Civil Engineering (ICETCE);https://ieeexplore.ieee.org/document/5775880/
153;Yuyanto, Suryadiputra Liawatimena;Implementation of Data Collecting Platform Over Distributed Sensors for Global Open Data for Agriculture and Nutrition;2018 6th International Conference on Cyber and IT Service Management (CITSM);https://ieeexplore.ieee.org/document/8674057/
154;Dennis A. Ludena R., Alireza Ahrary, Noriko Horibe, Won Seok Yang;IoT-security Approach Analysis for the Novel Nutrition-Based Vegetable Production and Distribution System;2014 IIAI 3rd International Conference on Advanced Applied Informatics;https://ieeexplore.ieee.org/document/6913291/
155;Yu Zhao, Zhenhai Li, Jianwen Wang, Wude Yang, Dandan Duan, Xiaobin Xu;Recommendations for Nitrogen Fertilizer in Winter wheat Based on Nitrogen Nutrition Index;2019 8th International Conference on Agro-Geoinformatics (Agro-Geoinformatics);https://ieeexplore.ieee.org/document/8820439/
156;Rizky Ade Putranto, Suryono Suryono, Jatmiko Endro Suseno;Cloud Computing Medical Record Related Baby Nutrition Status Anthropometry Index During Postpartum;2018 2nd International Conference on Informatics and Computational Sciences (ICICoS);https://ieeexplore.ieee.org/document/8621640/
157;Gordana Ispirova, Tome Eftimov, Barbara Koroušić Seljak;Exploring Knowledge Domain Bias on a Prediction Task for Food and Nutrition Data;2020 IEEE International Conference on Big Data (Big Data);https://ieeexplore.ieee.org/document/9378159/
158;Kudakwashe Dube, Scott McLachlan, Ngonidzashe Zanamwe, Evangelia Kyrimi, Jasmine S Thomson;Managing Knowledge in Computational Models for Global Food, Nutrition and Health Technologies;2020 IEEE Global Humanitarian Technology Conference (GHTC);https://ieeexplore.ieee.org/document/9342880/
159;Sonakshi Khosla, Dhutima Malla, Ishank Dua, Deepa Bura, Pronika Chawla;“Nutri-Mental” ─An Android Application For Personal Health And Nutrition Management;2020 5th International Conference on Communication and Electronics Systems (ICCES);https://ieeexplore.ieee.org/document/9137890/
160;Patrick Elfert, Simon Siggelkow, Marco Eichelberg, Andreas Hein;Towards an Ambient Estimation of Stool Types to Support Nutrition Counseling for People affected by the Geriatric Frailty Syndrome;2020 IEEE Symposium on Computers and Communications (ISCC);https://ieeexplore.ieee.org/document/9219713/
161;AbdelGhani Karkar, Tooba Salahuddin, Noor Almaadeed, Jihad Mohamad Aljaam, Osama Halabi;A Virtual Reality Nutrition Awareness Learning System for Children;2018 IEEE Conference on e-Learning, e-Management and e-Services (IC3e);https://ieeexplore.ieee.org/document/8632634/
162;Matthew Spradling, Jeremy Straub, Jay Strong;Introducing & Evaluating ‘Nutrition Facts’ for Online Content;2020 International Conference on Cyber Security and Protection of Digital Services (Cyber Security);https://ieeexplore.ieee.org/document/9138867/
163;H. Tejaswini, M. M. Manohara Pai, Radhika M. Pai, Girija Attigeri, Revathi P. Shenoy;An ontology-based decision support system for nutrition deficiency;2020 IEEE International Conference on Distributed Computing, VLSI, Electrical Circuits and Robotics (DISCOVER);https://ieeexplore.ieee.org/document/9278069/
164;Gaoping Wang, Junling Sun;A Fuzzy-Dominance-Driven MOGA and its application in Nutrition Meal Prescription;2012 International Symposium on Information Technologies in Medicine and Education;https://ieeexplore.ieee.org/document/6291436/
165;Sadia Malik, Seung-Hun Park;Integrated Service Platform for Personalized Exercise & Nutrition Management;2008 10th International Conference on Advanced Communication Technology;https://ieeexplore.ieee.org/document/4494213/
166;Patrick Elfert, Simon Siggelkow, Marco Eichelberg, Andreas Hein;Towards an Ambient Survey of Consumption Quantities to Support the Nutrition Counseling Process for People affected by the Geriatric Frailty Syndrome;2020 IEEE International Conference on Healthcare Informatics (ICHI);https://ieeexplore.ieee.org/document/9374331/
167;Fucheng Zhao, Xiaosong Han, Yikun Zhang, Peiyu Niu, Jun Cheng, Wan Yi;Nutrition Feature Basis of Food Classification in Traditional Chinese Medicine;2021 7th International Conference on Big Data Computing and Communications (BigCom);https://ieeexplore.ieee.org/document/9546858/
168;Dimitrios P. Panagoulias, Dionisios N. Sotiropoulos, George A. Tsihrintzis;Biomarker-based deep learning for personalized nutrition;2021 IEEE 33rd International Conference on Tools with Artificial Intelligence (ICTAI);https://ieeexplore.ieee.org/document/9643408/
169;Wirhan Fahrozi, Andrian Syahputra, Charles Bronson Harahap, Fitriana Harahap;Expert System Of Diagnosis Impairment Nutrition The Thin Body By Dempster Shafer Method;2018 6th International Conference on Cyber and IT Service Management (CITSM);https://ieeexplore.ieee.org/document/8674282/
170;Ahmed Al-Nazer, Tarek Helmy;Toward a Cross-Cultural and Cross-Language Multi-agent Recommendation Model for Food and Nutrition;2012 IEEE/WIC/ACM International Conferences on Web Intelligence and Intelligent Agent Technology;https://ieeexplore.ieee.org/document/6511686/
171;Jinheng Zhang;Potential of continuum removed reflectance spectral features estimating nitrogen nutrition in rice canopy level;2010 2nd Workshop on Hyperspectral Image and Signal Processing: Evolution in Remote Sensing;https://ieeexplore.ieee.org/document/5594837/
172;Md. Tofael Ahmed, Jannatul Ferdaous, Md. Kamruzzaman, Mst. Eshita Khatun;A Comparative Analysis of Food Habit and Nutrition on Food in Bangladesh using Machine Learning;2022 6th International Conference on Computing Methodologies and Communication (ICCMC);https://ieeexplore.ieee.org/document/9753850/
173;Yi Zhai, Tao Zhang, Na Li, Wenqian Qi, Meng Zhou;Potential Application of Biosensor in Food Nutrition Labeling;2017 IEEE International Conference on Computational Science and Engineering (CSE) and IEEE International Conference on Embedded and Ubiquitous Computing (EUC);https://ieeexplore.ieee.org/document/8006042/
174;Qian Feng, Xiuyan Zhou, Peidong Tai, Peijun Li;Cadmium Accumulation and Distribution in Tagetes erecta L. Affected by Major Mineral Nutrition;2010 4th International Conference on Bioinformatics and Biomedical Engineering;https://ieeexplore.ieee.org/document/5516262/
175;Pardis Emami-Naeini, Janarth Dheenadhayalan, Yuvraj Agarwal, Lorrie Faith Cranor;An Informative Security and Privacy “Nutrition” Label for Internet of Things Devices;IEEE Security & Privacy ( Volume: 20, Issue: 2, March-April 2022);https://ieeexplore.ieee.org/document/9664750/
176;Jibiao Zhang, Yubin Zhang, Shengqiang Pan, Caixue Zhang, Chunliang Chen, Xingli Sun;Nutrition Structure and Oligotrophy Analysis of Seawater in Liusha Bay (China);2012 2nd International Conference on Remote Sensing, Environment and Transportation Engineering;https://ieeexplore.ieee.org/document/6260645/
177;Ajoy Deb Nath, Mahfuzulhoq Chowdhury, Mehedi Hassan;A Budget and Nutrition-aware Mobile Application Featuring Food Menu Generation and Monitoring for the School Feeding Programme in Bangladesh;2022 International Conference on Innovations in Science, Engineering and Technology (ICISET);https://ieeexplore.ieee.org/document/9775855/
178;A. Chytas, K Vaporidi, S. Soundoulounaki, D. Georgopoulos, N. Maglaveras, I. Chouvarda;"Nutrition Adherence in Critically Ill Patients; How is nutritional intake within the 1st week of hospitalization affecting the patient’s Outcome?";2019 41st Annual International Conference of the IEEE Engineering in Medicine and Biology Society (EMBC);https://ieeexplore.ieee.org/document/8857323/
179;Mohamed Shaltout, Ebtesam Abdulrahman Algafees;A Suggestive Vision of an Electronic Training Program for the Development of Teachers' Skills in Activating Their Students' Electronic Volunteerism through Food and Nutrition Unit Activities;2015 Fifth International Conference on e-Learning (econf);https://ieeexplore.ieee.org/document/7478268/
180;Rosa Andrie Asmara, Moch. Zawaruddin Abdullah, Fanina Meidina Wahyuningtyas;Herbalife Nutrition Product Recommender System using Mamdani Fuzzy Logic;2020 4th International Conference on Vocational Education and Training (ICOVET);https://ieeexplore.ieee.org/document/9230303/
181;Yuri A. Tijerino, Tarek Helmy El-Bassuny, Jeffrey M. Bradshaw;FAQIH: Framework for Agent-Based Query-Enabled Integrated Information for Health and Nutrition;2008 IEEE/WIC/ACM International Conference on Web Intelligence and Intelligent Agent Technology;https://ieeexplore.ieee.org/document/4740840/
182;Jitao Yang;Personalized Nutrition Service for Anti-fatigue Based on Genomics;2021 International Conference on Information Systems and Advanced Technologies (ICISAT);https://ieeexplore.ieee.org/document/9678432/
183;Livia Paleari, Michele Zoli, Jacopo Bacenetti, Roberto Confalonieri;Can PocketNNI, a new smart app for Nitrogen Nutrition Index estimation, reduce the environmental impact of rice?;2021 IEEE International Workshop on Metrology for Agriculture and Forestry (MetroAgriFor);https://ieeexplore.ieee.org/document/9628796/
184;Yanisa Usthasopha, Suphakant Phimoltares, Nagul Cooharojananone;Nutrition Counseling System and Food Menu Planning;2010 International Conference on Information Science and Applications;https://ieeexplore.ieee.org/document/5480421/
185;Jitao Yang;Personalized Nutrition Solution Based on Nutrigenomics;2019 19th International Conference on Computational Science and Its Applications (ICCSA);https://ieeexplore.ieee.org/document/8853580/
186;Dharini Krishnan, Xujuan Zhou, Subrata Chakraborty, Rashmi Gururajan, Raj Gururajan;Software development for managing nutrition intake for Type II diabetes mellitus;2016 10th International Conference on Software, Knowledge, Information Management & Applications (SKIMA);https://ieeexplore.ieee.org/document/7916222/
187;Safira Firdaus Mujiyanti, Sefi Novendra Patrialova, Muhammad Fachmi Febrian, Maulina Kartika;Design and Implementation of Nutrition Control System for Optimization of Hydroponic Plant Growth;2021 International Conference on Advanced Mechatronics, Intelligent Manufacture and Industrial Automation (ICAMIMIA);https://ieeexplore.ieee.org/document/9807772/
188;Yuguan Xing, Sosuke Amano, Toshihiko Yamasaki, Kiyoharu Aizawa, Makoto Ogawa;Distributed Representation of Dish Names in Food Related Web Services for Associative Search and Nutrition Estimation;2017 IEEE Third International Conference on Multimedia Big Data (BigMM);https://ieeexplore.ieee.org/document/7966722/
189;Ju-Chin Chen, Kawuu Weicheng Lin, Chuan-Wei Ting, Ching-Yao Wang;Image-based nutrition composition analysis with a local orientation descriptor;2016 IEEE International Conference on Systems, Man, and Cybernetics (SMC);https://ieeexplore.ieee.org/document/7844893/
190;Jessica Lin, Normy N. Razak, Christopher G. Pretty, Aaron Le Compte, Paul Docherty, Jacquelyn D. Parente;Intensive Control Insulin-Nutrition-Glucose Model validated in critically ill patients;UKACC International Conference on Control 2010;https://ieeexplore.ieee.org/document/6490815/
191;Serene Ravi John, Rahul Krishnan Pathinarupothi, Uma Gopalakrishnan, Srisairam Achuthan, Nivedita Pavithran;Nutrition Monitoring and Health Awareness System based on Crowd Sourced Food Images using Transfer Learning;2022 Fifth International Conference on Computational Intelligence and Communication Technologies (CCICT);https://ieeexplore.ieee.org/document/9913597/
192;Qingliang Miao, Ruiyu Fang, Yao Meng;Extracting and integrating nutrition related linked data;Proceedings of the 2015 IEEE 9th International Conference on Semantic Computing (IEEE ICSC 2015);https://ieeexplore.ieee.org/document/7050835/
193;Abdellah Ahourag, Karim El Moutaouakil, Saliha Chellak, Hicham Baizri, Mouna Cheggour;Multi-criteria optimization for optimal nutrition of Moroccan diabetics : *Note: Sub-titles are not captured in Xplore and should not be used;2022 International Conference on Intelligent Systems and Computer Vision (ISCV);https://ieeexplore.ieee.org/document/9806093/
194;Mabel Vazquez Briseno, Oseas Neftali Gomez Soto, Armando Marquez Tellez, Juan Ivan Nieto Hipolito;Enhancing Nutrition Learning Using Interactive Tools;IEEE Latin America Transactions ( Volume: 17, Issue: 05, May 2019);https://ieeexplore.ieee.org/document/8891943/
195;Sri Winiarti, Sri Kusumadewi, Izzati Muhimmah, Herman Yuliansyah;Determining the nutrition of patient based on food packaging product using fuzzy C means algorithm;2017 4th International Conference on Electrical Engineering, Computer Science and Informatics (EECSI);https://ieeexplore.ieee.org/document/8239151/
196;;Guest Editorial Nutrition Informatics: From Food Monitoring to Dietary Management;IEEE Journal of Biomedical and Health Informatics ( Volume: 21, Issue: 3, May 2017);https://ieeexplore.ieee.org/document/7922467/
197;Moena Honda, Hiroaki Nishi;Household Nutrition Analysis and Food Recommendation U sing Purchase History;2021 IEEE 30th International Symposium on Industrial Electronics (ISIE);https://ieeexplore.ieee.org/document/9576410/
198;Diya Li, Mohammed J. Zaki, Ching-Hua Chen;Nutrition Guided Recipe Search via Pre-trained Recipe Embeddings;2021 IEEE 37th International Conference on Data Engineering Workshops (ICDEW);https://ieeexplore.ieee.org/document/9438770/
199;Zheng Meng Long, Yuri A. Tijerino;A Cross-language Approach for Semantic Recipe Annotation and Nutrition Annotation Augmentation Based on Extraction Ontologies and Culture-Relevant Policy Reasoning;2012 IEEE/WIC/ACM International Conferences on Web Intelligence and Intelligent Agent Technology;https://ieeexplore.ieee.org/document/6511685/